select * from biodatas
select * from users
select * from menus
select * from roles
select * from menu_roles
select * from m_location_level


update users set Password='adminn' where Id=7
-- 2 pasien, 4 dokter, 6 admin, 7 faskes
insert into biodatas (FullName, MobilePhone, Created_By, Created_On, Is_Deleted) values
('Pasien','085323','1','10-02-2022','0'),
('Dokter','080879','1','10-02-2022','0'),
('Admin','0823423','1','10-02-2022','0'),
('Faskes','0856312','1','10-02-2022','0')
-- 2 pasien, 3 dokter, 4 admin, 5 faskes
update biodatas set Image_Path = 'pasien.png' where Id=1
--update biodatas set Image_Path = 'dokter.png' where Id=3

insert into users (Biodata_Id, Role_Id, Email, Password, Login_Attempt, Is_Locked, Created_By, Created_On, Is_Deleted) values
('1','1','pasien@gmail.com','pasien','0','0','1','10-02-2022','0'),
('2','2','dokter@gmail.com','dokter','0','0','1','10-02-2022','0'),
('3','3','admin@gmail.com','admin','0','0','1','10-02-2022','0'),
('4','4','faskes@gmail.com','faskes','0','0','1','10-02-2022','0')
select * from users
--update users set Login_Attempt = 0, Is_Locked = 0 where id = 5
-- 1002 pasien, 1003 dokter, 1004 admin, 1005 faskes
--update users set Password = 'admin123' where Id = 7
insert into roles (Name, Code, Created_By, Created_On, Is_Deleted) values
('Pasien','Pasien','1','10-02-2022','0'),
('Dokter','Dokter','1','10-02-2022','0'),
('Admin','Admin','1','10-02-2022','0'),
('Faskes','Faskes','1','10-02-2022','0')
-- 8 pasien, 9 dokter, 10 admin, 11 faskes
insert into menus (Name, Url, Parent_Id, Big_Icon, Small_Icon, Created_By, Created_On, Is_Deleted) values
('Pasien','Index','1','fa-regular fa-book-medical fa-lg','fa-regular fa-book-medical fa-lg','1','10-02-2022','0'),
('Dokter','Index','2','fa-regular fa-book-medical fa-lg','fa-regular fa-book-medical fa-lg','1','10-02-2022','0'),
('Admin','Index','3','fa-regular fa-book-medical fa-lg','fa-regular fa-book-medical fa-lg','1','10-02-2022','0')
--('Pasien','Cari Obat','4','fa-regular fa-book-medical fa-lg','fa-regular fa-book-medical fa-lg','1','10-02-2022','0')
--update menus set Name='ProfilePasien' where Id =1

insert into menu_Roles (Menu_Id, Role_Id, Created_By, Created_On, Is_Deleted) values
('1','1','1','10-02-2022','0'),
('2','2','1','10-02-2022','0'),
('3','3','1','10-02-2022','0'),
('4','4','1','10-02-2022','0')


--update menus set Parent_Id=11 where id = 11
--update roles set code = 'Customer' where id = 2